-- phpMyAdmin SQL Dump
-- version 4.9.0.1
-- https://www.phpmyadmin.net/
--
-- 主機： sql300.epizy.com
-- 產生時間： 2022 年 06 月 17 日 17:07
-- 伺服器版本： 10.3.27-MariaDB
-- PHP 版本： 7.2.22

SET SQL_MODE = "NO_AUTO_VALUE_ON_ZERO";
SET AUTOCOMMIT = 0;
START TRANSACTION;
SET time_zone = "+00:00";


/*!40101 SET @OLD_CHARACTER_SET_CLIENT=@@CHARACTER_SET_CLIENT */;
/*!40101 SET @OLD_CHARACTER_SET_RESULTS=@@CHARACTER_SET_RESULTS */;
/*!40101 SET @OLD_COLLATION_CONNECTION=@@COLLATION_CONNECTION */;
/*!40101 SET NAMES utf8mb4 */;

--
-- 資料庫： `epiz_31856486_iReader`
--

-- --------------------------------------------------------

--
-- 資料表結構 `announce`
--

CREATE TABLE `announce` (
  `title` varchar(10) NOT NULL,
  `content` varchar(100) NOT NULL,
  `time` datetime NOT NULL,
  `path` varchar(40) NOT NULL
) ENGINE=InnoDB DEFAULT CHARSET=utf8mb4;

--
-- 傾印資料表的資料 `announce`
--

INSERT INTO `announce` (`title`, `content`, `time`, `path`) VALUES
('享讀☆I讀', 'enjoy your reading time~', '2022-06-10 13:03:06', 'images/post1.png'),
('新會員福利', '立即註冊享第一次購物30%折扣', '2022-06-10 11:35:53', 'images/post2.png'),
('暑期活動即將開跑', '歡慶暑假到來，在7/1~7/30期間凡購買本站任三本書以上享75折優惠<br>(租借電子書不在本活動適用範圍)', '2022-07-01 07:40:34', 'images/post3.png');

-- --------------------------------------------------------

--
-- 資料表結構 `books`
--

CREATE TABLE `books` (
  `ISBN` bigint(13) NOT NULL,
  `bName` varchar(50) NOT NULL,
  `Author` varchar(20) NOT NULL,
  `bPublish` varchar(10) NOT NULL,
  `bClass` varchar(5) NOT NULL,
  `bInfo` varchar(150) NOT NULL,
  `binfo_detail` text NOT NULL,
  `bAmount` int(5) NOT NULL,
  `paper_buy` int(5) NOT NULL,
  `i_buy` int(5) NOT NULL,
  `i_rent` int(5) NOT NULL,
  `launch` int(1) NOT NULL
) ENGINE=InnoDB DEFAULT CHARSET=utf8mb4;

--
-- 傾印資料表的資料 `books`
--

INSERT INTO `books` (`ISBN`, `bName`, `Author`, `bPublish`, `bClass`, `bInfo`, `binfo_detail`, `bAmount`, `paper_buy`, `i_buy`, `i_rent`, `launch`) VALUES
(9786267000441, '了不起的波力', 'Ali Benjamin', '小麥田', '故事', '他是惡作劇天才、他讓每個人發笑、\\他為什麼「了不起」？\\蘊含思辨力、成就動機、學習動機等議題，\\探索歡樂與成長的最終祕密。', '當凱琳突然跟著媽媽搬家轉學，\\脫離自己的好友圈已經夠難過了，\\沒想到新同學似乎一點也不歡迎她，\\只惦記著:為什麼波力還沒來？\\還要她這個最不熟悉的人主持「尋找波力接班人的比賽」！\\\\波力去了哪裡?\\被傳送到外太空、\\校長把他鎖在櫃子裡？\\……同學說，開學日那天，\\我們有點需要波力。\\\\波力是誰？\\每個人說他是個傳奇、\\他很神、\\他是邪惡天才……\\\\波力在教室大吃美乃滋、\\在吊扇上放亮粉，\\把果蠅帶到全校飛得到處都是，\\還躲進校長辦公室；\\他經常闖禍害全班都遭殃，\\讓大家損失好幾次休息時間，\\但是同學還為了搶他的T恤大打出手！\\<br>新來的凱琳正在困擾，\\離開舊學校的我，\\也會像波力如此讓同學想念嗎？\\在新學校的我，\\如何才能走進同學的圈子呢？\\在凱琳心中，這裡像鬼屋、\\同學忙著做稻草人想念波力，\\老師叫學生學著趕山羊，\\高年級學生還得當幼兒園孩子的保母……\\一點也不像「真正的學校」！\\但大家好像都充滿活力，\\為什麼？\\藉由不存在的同學，\\本書探討了打破界線、\\如何在變化來臨時勇敢面對、\\沒有規則等等議題，\\讀者將透過這部蘊含哲思、教育、學習理念等意義的作品，\\在歡樂與好奇之中，\\探索成為「了不起的波力」的最終祕密。', 24, 300, 234, 23, 1),
(9786267044476, '世界地方特色料理圖鑑', '青木百合子', '日出出版', '飲食', '從你家廚房出發環遊世界，\\今晚想要享用哪裡的國民料理呢？\\從料理視角重新認識世界，\\七大洲代表性國民美食復刻上桌！', '從你家廚房出發環遊世界，\\今晚想要享用哪裡的國民料理呢？\\\\地方特色料理，\\是人們悉心利用家鄉當地特有食材與料理方式，\\代代傳承下來的食物，\\料理中飽含著希冀家人能健康生活的心意。\\\\而用食物去認識一個地方，\\總是最迅速、\\也最能引起共鳴和記憶點的好方法。\\\\烏克蘭的羅宋湯，\\瑞士的起司鍋，\\英格蘭的炸魚薯條，\\西班牙的馬鈴薯烘蛋，\\以色列的炸鷹嘴豆泥球，\\韓國的拌飯，\\泰國的泰式炒河粉，\\摩洛哥的黑棗牛肉塔吉鍋，\\美國的漢堡，\\墨西哥的塔可餅……\\這些濃濃異國風情的經典菜色，\\早已成為代表著該國或地區的象徵。\\\\從料理視角重新認識世界，\\\\七大洲代表性國民美食復刻上桌！\\　料理研究家青木百合子，\\長年鑽研世界及日本地方特色料理，\\2000年她成立世界料理綜合情報網站「e-food.jp」，\\20多年來持續分享世界各地豐富多樣的料理情報。\\一有機會，\\她便會前往世界各地拜訪當地的職業廚師、專家、傳統宗教老師，\\聽他們分享、學習烹飪，\\或是親自品嘗和採訪。\\她深信，「食物是連結人與人之間最好的一種溝通方式」。\\\\本書透過大量當地取材與嚴謹的考究，\\除了收錄超過300道料理的製作方式，\\也花了相當的篇幅說明料理的歷史文化、國際交流／商業基礎的飲食國際禮儀和宗教飲食規定。\\絕對是能拓展你的餐桌視野及五感體驗，\\提供源源不絕的料理靈感的家庭實用料理百科。\\', 11, 474, 420, 42, 1),
(9786269584420, '也許你該找人聊聊２：心理師教你大膽修訂自己的人生故事', 'Lori Gottlieb', '行路', '心理', '美國當代精神醫學大師、美國史丹佛大學精神醫學榮休教授歐文・亞隆：\\「我讀心理治療的書超過半個世紀了，但從沒見過《也許你該找人聊聊》這樣的書\\——這麼大膽、這麼直白、這麼多好故事，又這麼坦誠、深刻而引人', '', 59, 315, 237, 24, 1),
(9789571369297, '村裡來了個暴走女外科：偏鄉小醫院的血與骨、笑和淚', '劉宗瑀', '時報出版', '健康', '我們都有需要「看醫生」的時候，\\但你可曾真正「看」到醫生的內心？\\醫生、護理師、病人，有時還有猛獸（？）的大亂鬥\\第一手揭露偏鄉小醫院的真實面貌！', '', 10, 225, 210, 21, 1),
(9789573293958, '一年投資5分鐘', '陳逸朴（小資YP）', '遠流', '金融', '★選對方式，讓你投資賺錢就像呼吸一樣自然\\★365天錢滾錢全攻略，睡覺時也能自動進帳\\★超越通膨，讓你不用擔心資產貶值\\★擁有更多時間享受生活，追求夢想\\找飆股、看線圖，投資何必那麼累？', '', 10, 284, 224, 23, 1),
(9789573294573, '順勢溝通：一句話說到心坎裡！', '張忘形', '遠流', '心理', '如果表達像丟球，\\那麼溝通就是接球，\\如何完美接招，再做個好球給對方，\\你需要「順勢溝通」的思考！', '', 30, 300, 237, 24, 0),
(9789573295082, '卡片盒筆記：最高效思考筆記術，德國教授超強秘技，促進寫作、學習與思考', 'Sonke Ahrens', '遠流', '學習', '本書告訴你how to take smart notes.聰明的筆記不是堆積資料，而是幫你產生獨到的洞見。使閱讀、學習、思考更有樂趣、更不費力，寫報告、論文、專書的題目源源不斷出現', '', 3, 315, 249, 25, 1),
(9789573295815, '空心人：擁抱渴望被愛的靈魂', '許皓宜, 凌柏瑋', '遠流', '心理', '後疫情時代，虛無主義當道\\人心動輒空了個洞\\還有填滿的可能嗎？\\人要如何守著心，守著溫度\\在亂世的流裡，游向愛的彼岸？', '', 23, 308, 234, 23, 0),
(9789861755267, '原子習慣：細微改變帶來巨大成就的實證法則', 'James Clear', '方智', '商業', '每天都進步1%，一年後，你會進步37倍;\\每天都退步1%，一年後，你會弱化到趨近於0！\\你的一點小改變、一個好習慣，將會產生複利效應，\\如滾雪球般，為你帶來豐碩的人生成果！', '', 21, 261, 203, 20, 1),
(9789863126850, '新觀念PHP8+MySQL+AJAX網頁', '陳會安', '旗標', '教材', '不只學語法、學觀念，更能活用當紅技術打造後端應用。\\【零基礎快速上手】\\【後端程式核心技法】\\【主流框架開發實戰】', '不只學語法、學觀念，\\更能活用當紅技術打造後端應用。 \\\\【零基礎快速上手】\\PHP 是業界應用最廣泛的後端技術，\\不過後端牽涉的技術很多，\\學習門檻較高。\\本書定位上是一本入門 PHP 網頁程式設計的學習教材，\\從頭解說 PHP 語法與網路應用運作流程，\\提供所有必備的基礎背景知識。\\除此之外，\\也採用最易安裝的 XAMPP 整合套件來打造開發環境，\\搭配業界主流的 Visual Studio Code 來編輯 PHP 程式，\\沒有經驗的小白也能輕鬆上手。  　\\\\【後端程式核心技法】\\使用MySQL擴充程式ext/mysqli存取MySQL資料庫來建立網頁資料庫，\\不只說明傳統PHP函數的寫法，\\更詳細說明物件導向的資料庫存取、使用Prepared Statement執行SQL指令和SQL結構化查詢語言。\\也會進一步說明HTML5+CSS3、jQuery函式庫的AJAX功能、JSON的應用、REST API設計，有效率撰寫出符合業界需求的後端應用。\\\\【主流框架開發實戰】\\網頁技術推陳出新，\\除了 PHP 的基本語法學習外，\\我們也希望讓您能將網頁程式設計融入於日常學習與工作上，\\因此本書也將運用主流的 Laravel 框架與 MVC 設計模式，\\設計出令人驚艷、符合業界需求的動態網站，\\結合另外兩個專案實戰，\\累積後端開發的實務經驗。\\\\本書特色\\● XAMPP整合套件和Visual Studio Code 編輯器\\● PHP 基本語法與流程控制 　　\\● 表單、Cookie、Session等狀態管理 　　\\● 伺服端檔案處理、上傳和電子郵件 　　\\● MySQL 資料庫管理與SQL基本語法 　　\\● PHP 物件導向和例外處理\\● AJAX、JSON和REST API 　　\\● Laravel框架與 MVC 設計模式\\● 全書範例檔案和兩本電子書下載', 0, 567, 315, 63, 1),
(9789864594047, '布根地葡萄酒──酒瓶裡的風景', 'Yu-Sen LIN', '積木文化', '飲食', '一個複雜難解的美味功課──布根地葡萄酒\\終於熟成！\\華文地區最新、最詳盡的布根地葡萄酒書，\\讓你的味蕾再次甦醒', '', 5, 1975, 0, 0, 1),
(9789864896288, '為什麼愈溝通愈受傷：告別情緒崩壞，擺脫慣性溝通', '朴宰蓮', '漫遊者文化', '心理', '吃力聽完對方的話後，如果說了讓自己後悔的話，該如何扭轉僵局？\\這是一本教你好好說話，用心傾聽，改善人際關係的「非暴力溝通」自學指南', '', 0, 356, 277, 28, 1),
(9789865101954, '你發生過什麼事：關於創傷如何影響大腦與行為', '歐普拉．溫芙蕾', '悅知文化', '心理', '這本書，將永遠改變你看待自己人生與他人的方式\\也許一直以來，我們都問錯了問題，用錯了幫助自己和他人的方法。\\真正該問的，不是：「你有什麼問題？」\\而是：「你發生過什麼事？」', '', 2, 379, 0, 0, 1),
(9789865510282, '藥學系學什麼：除了藥理學、藥劑學、生藥學', '藥學系邊緣人', '四塊玉文創', '健康', '除了藥劑學、藥物學，生藥學……\\藥學系竟然也要面對大體老師？\\唸完超過腦容量的藥學書，\\如願考上了藥師證照，\\你就一定找得到工作？', '', 10, 239, 255, 26, 0),
(9789865536985, '為何家會傷人：讓愛不再是負擔', ' 武志紅', '幸福文化', '心理', '成長的傷害，表面看似無傷，但就像是痼疾，往往隱隱作痛。生命經驗裡的錯誤，找不到解答，不斷的重複。我們需要回到原點，從家庭中去找尋解方。', '', 0, 387, 149, 15, 1),
(9789865596873, '從今以後，不再讓人隨意對待：深度清理有毒', '金在植', '平安文化', '心理', '斷絕關係或許會痛，\\但不治的傷口，何必留著它？', '', 15, 300, 265, 26, 0);

-- --------------------------------------------------------

--
-- 資料表結構 `comment`
--

CREATE TABLE `comment` (
  `ISBN` bigint(13) NOT NULL,
  `uNo` int(5) NOT NULL,
  `Time` datetime NOT NULL,
  `Comment` text NOT NULL
) ENGINE=InnoDB DEFAULT CHARSET=utf8mb4;

--
-- 傾印資料表的資料 `comment`
--

INSERT INTO `comment` (`ISBN`, `uNo`, `Time`, `Comment`) VALUES
(9786267000441, 1, '2022-06-13 19:11:03', '嘿嘿\r\n'),
(9789863126850, 2, '2022-06-10 23:52:32', '推爆這本書!後端的詳細教學讓你寫起網頁得心應手，能力upup'),
(9786267000441, 2, '2022-06-13 18:54:34', '安安\r\n'),
(9786267000441, 2, '2022-06-13 19:01:45', 'yo成功了嗎\r\n'),
(9786267000441, 2, '2022-06-13 19:58:52', '晚安~'),
(9789861755267, 2, '2022-06-14 08:27:27', '推推~\r\n'),
(9789863126850, 2, '2022-06-14 16:31:47', '零基礎快速上手'),
(9789863126850, 2, '2022-06-16 07:56:31', '厚厚一本超划算!'),
(9786267000441, 3, '2022-06-13 13:44:56', '作者班傑敏精巧織就的成長故事機智詼諧、真摯感人，相信能讓中學生深有共鳴和啟迪。'),
(9786267000441, 4, '2022-06-13 13:44:56', '獨具創意、別出心裁的小說，以發人深省的觀點探討友誼、接受改變以及諸般說故事的技藝，帶給讀者豐富收穫，'),
(9789863126850, 4, '2022-06-14 16:32:37', '讚讚\r\n'),
(9786267000441, 5, '2022-06-13 20:16:05', '一部優美且具有強大力量的小說，講述身為中學生，如何敞開心胸接受很棒的自己。'),
(9786267000441, 8, '2022-06-16 11:13:11', '推推~'),
(9786267044476, 8, '2022-06-16 11:16:15', '456'),
(9786267044476, 14, '2022-06-18 03:10:45', 'QAQ');

-- --------------------------------------------------------

--
-- 資料表結構 `cs`
--

CREATE TABLE `cs` (
  `cMail` varchar(30) NOT NULL,
  `sub` varchar(30) NOT NULL,
  `cont` varchar(450) NOT NULL,
  `time` datetime NOT NULL
) ENGINE=InnoDB DEFAULT CHARSET=utf8mb4;

--
-- 傾印資料表的資料 `cs`
--

INSERT INTO `cs` (`cMail`, `sub`, `cont`, `time`) VALUES
('a1093324@mail.nuk.ed', 'tesr', '21234568', '2022-05-22 00:00:00'),
('a1093324@mail.nuk.edu.tw', '123456', '456456', '2022-05-22 05:14:53'),
('a1093324@mail.nuk.edu.tw', '123456', '456456', '2022-05-22 05:15:33'),
('a1093324@mail.nuk.edu.tw', '123456', '456456', '2022-05-22 05:16:27'),
('a1093324@mail.nuk.edu.tw', '123', '456', '2022-06-01 05:10:48'),
('a1093324@mail.nuk.edu.tw', '13', '46', '2022-06-02 11:13:23'),
('a1093324@mail.nuk.edu.tw', '123456', '123', '2022-06-02 12:39:07'),
('a1093324@mail.nuk.edu.tw', 'tesr', '\r\n5', '2022-06-02 12:45:48'),
('a1093324@mail.nuk.edu.tw', '132', '564', '2022-06-02 12:49:08'),
('a1093324@mail.nuk.edu.tw', '13', '456', '2022-06-02 12:50:52'),
('a1093324@mail.nuk.edu.tw', '13', '456', '2022-06-02 12:51:27'),
('a1093324@mail.nuk.edu.tw', '13', '456', '2022-06-02 14:44:03'),
('a1093324@mail.nuk.edu.tw', '123456', '546', '2022-06-02 14:55:05'),
('a1093324@mail.nuk.edu.tw', '123456', '546', '2022-06-02 14:59:11'),
('a1093324@mail.nuk.edu.tw', '123456', '546', '2022-06-02 15:02:54'),
('a1093324@mail.nuk.edu.tw', '123456', '546', '2022-06-02 15:04:08'),
('a1093324@mail.nuk.edu.tw', 'tesr', '46', '2022-06-02 15:09:41'),
('a1093324@mail.nuk.edu.tw', '123456', '4645', '2022-06-02 15:10:26'),
('a1093324@mail.nuk.edu.tw', '123456', '4645', '2022-06-02 15:16:36'),
('a1093324@mail.nuk.edu.tw', 'tesr', '12', '2022-06-02 15:25:06'),
('a1093324@mail.nuk.edu.tw', 'tesr', 'sfdsf', '2022-06-03 00:47:12'),
('a1093324@mail.nuk.edu.tw', 'tesr', 'sfdsf', '2022-06-03 00:48:32'),
('a1093324@mail.nuk.edu.tw', 'test', 'hi hi\r\niReader~', '2022-06-16 07:12:16'),
('a1093367@mail.nuk.edu.tw', '好想睡覺', 'ZZZZZ', '2022-06-16 07:28:45'),
('a1093367@mail.nuk.edu.tw', '嗨嗨', 'ZZZZZZ', '2022-06-16 11:09:55');

-- --------------------------------------------------------

--
-- 資料表結構 `orderdetail`
--

CREATE TABLE `orderdetail` (
  `oNo` int(5) NOT NULL,
  `ISBN` bigint(13) NOT NULL,
  `num` int(2) NOT NULL,
  `cost` int(5) NOT NULL,
  `type` varchar(5) NOT NULL
) ENGINE=InnoDB DEFAULT CHARSET=utf8mb4;

--
-- 傾印資料表的資料 `orderdetail`
--

INSERT INTO `orderdetail` (`oNo`, `ISBN`, `num`, `cost`, `type`) VALUES
(48, 9789863126850, 2, 63, 'IR'),
(48, 9789863126850, 8, 315, 'IB'),
(49, 9786267000441, 1, 300, 'RB'),
(49, 9786267044476, 4, 474, 'RB'),
(50, 9789573295082, 1, 25, 'IR'),
(51, 9789571369297, 4, 225, 'RB'),
(52, 9789573293958, 1, 224, 'IB'),
(52, 9789864594047, 1, 1975, 'RB'),
(53, 9786269584420, 1, 237, 'IB'),
(55, 9789573295082, 2, 315, 'RB'),
(56, 9789573295082, 1, 315, 'IB'),
(57, 9786267044476, 1, 474, 'RB'),
(58, 9786267000441, 1, 23, 'IR'),
(58, 9789861755267, 2, 261, 'RB'),
(58, 9789863126850, 1, 315, 'IB');

-- --------------------------------------------------------

--
-- 資料表結構 `orders`
--

CREATE TABLE `orders` (
  `oNo` int(5) NOT NULL,
  `uNo` int(5) NOT NULL,
  `sName` varchar(10) NOT NULL,
  `sTel` int(15) NOT NULL,
  `sMail` varchar(30) NOT NULL,
  `amount` int(10) NOT NULL,
  `sPayment` varchar(10) NOT NULL,
  `sAddress` varchar(30) NOT NULL,
  `sDelivery` varchar(5) NOT NULL
) ENGINE=InnoDB DEFAULT CHARSET=utf8mb4;

--
-- 傾印資料表的資料 `orders`
--

INSERT INTO `orders` (`oNo`, `uNo`, `sName`, `sTel`, `sMail`, `amount`, `sPayment`, `sAddress`, `sDelivery`) VALUES
(48, 2, 'ET Huang ', 123456, 'a1093324@mail.nuk.edu.tw', 2646, '取貨付款', '火星', '寄出'),
(49, 2, 'ET Huang ', 123456, 'a1093324@mail.nuk.edu.tw', 2196, '取貨付款', '花田一路', '退件'),
(50, 5, 'Ivy Chen ', 955888111, 'a1093367@mail.nuk.edu.tw', 25, 'LINEPay', '高雄大學', '處理中'),
(51, 2, 'ET Huang ', 123456, 'a1093324@mail.nuk.edu.tw', 900, '取貨付款', '大學路', '處理中'),
(52, 5, 'Ivy Chen ', 955888111, 'a1093367@mail.nuk.edu.tw', 2199, 'ATM', '藍天路', '處理中'),
(53, 2, 'ET Huang ', 123456, 'a1093324@mail.nuk.edu.tw', 237, '取貨付款', '高雄市楠梓區高雄大學路700號', '寄出'),
(55, 2, 'ET Huang ', 123456, 'a1093324@mail.nuk.edu.tw', 630, '取貨付款', '水星', '寄出'),
(56, 2, 'ET Huang ', 123456, 'a1093324@mail.nuk.edu.tw', 315, '取貨付款', '地球', '處理中'),
(57, 2, 'ET Huang ', 123456, 'a1093324@mail.nuk.edu.tw', 474, '取貨付款', '海王星', '處理中'),
(58, 8, 'III ', 958779981, 'a1093367@mail.nuk.edu.tw', 860, '取貨付款', '水星', '寄出');

-- --------------------------------------------------------

--
-- 資料表結構 `topbooks`
--

CREATE TABLE `topbooks` (
  `rank` int(1) NOT NULL,
  `ISBN` bigint(13) NOT NULL
) ENGINE=InnoDB DEFAULT CHARSET=utf8mb4;

--
-- 傾印資料表的資料 `topbooks`
--

INSERT INTO `topbooks` (`rank`, `ISBN`) VALUES
(1, 9789863126850),
(2, 9789861755267),
(3, 9789571369297),
(4, 9789865536985);

-- --------------------------------------------------------

--
-- 資料表結構 `user`
--

CREATE TABLE `user` (
  `uNo` int(5) NOT NULL,
  `uName` varchar(20) NOT NULL,
  `uMail` varchar(30) NOT NULL,
  `uPwd` varchar(20) NOT NULL,
  `uGender` varchar(1) NOT NULL,
  `uBirth` date NOT NULL,
  `uTel` int(15) NOT NULL,
  `uRole` varchar(5) NOT NULL,
  `uPhoto` varchar(50) DEFAULT NULL
) ENGINE=InnoDB DEFAULT CHARSET=utf8mb4;

--
-- 傾印資料表的資料 `user`
--

INSERT INTO `user` (`uNo`, `uName`, `uMail`, `uPwd`, `uGender`, `uBirth`, `uTel`, `uRole`, `uPhoto`) VALUES
(1, 'adminT', 'a1093324@mail.nuk.edu.tw', 'admin456', 'N', '2022-05-28', 123456, 'Admin', ''),
(2, 'ET Huang', 'a1093324@mail.nuk.edu.tw', '123', '女', '2022-06-01', 123456, 'User', 'CP_2.jpg'),
(3, 'William Smith', 'a1093324@mail.nuk.edu.tw', 'asdf', '男', '2022-06-07', 123456456, 'User', 'CP_3.jpg'),
(4, 'Tom', 'a1093367@mail.nuk.edu.tw', 'c1093367', '男', '2002-06-05', 912345678, 'User', 'CP_4.jpg'),
(5, 'Ivy Chen', 'a1093367@mail.nuk.edu.tw', 'i1093367', '女', '2002-04-06', 955888111, 'User', 'CP_5.jpg'),
(8, 'III', 'a1093367@mail.nuk.edu.tw', '123', 'C', '2022-06-12', 958779981, 'User', ''),
(10, 'testU', 'a1093324@mail.nuk.edu.tw', 'testu', 'N', '2022-06-01', 1234556, 'User', NULL),
(14, 'tt', 'a1093367@mail.nuk.edu.tw', '159', '女', '2022-06-13', 958779981, 'User', 'CP_14.jpg');

-- --------------------------------------------------------

--
-- 資料表結構 `usersbook`
--

CREATE TABLE `usersbook` (
  `uNo` int(5) NOT NULL,
  `ISBN` bigint(13) NOT NULL,
  `time` bigint(20) NOT NULL
) ENGINE=InnoDB DEFAULT CHARSET=utf8mb4;

--
-- 傾印資料表的資料 `usersbook`
--

INSERT INTO `usersbook` (`uNo`, `ISBN`, `time`) VALUES
(1, 9789573293958, 1),
(2, 9786267000441, 0),
(2, 9786267000441, 1),
(2, 9786267044476, 0),
(2, 9786269584420, 1),
(2, 9789571369297, 0),
(2, 9789573295082, 0),
(2, 9789861755267, 0),
(2, 9789863126850, 1),
(2, 9789863126850, 1655394547),
(2, 9789864594047, 1655382874),
(5, 9789573293958, 1),
(5, 9789573295082, 1655398026),
(5, 9789864594047, 0),
(8, 9786267000441, 1655435708),
(8, 9789861755267, 0),
(8, 9789863126850, 1);

--
-- 已傾印資料表的索引
--

--
-- 資料表索引 `announce`
--
ALTER TABLE `announce`
  ADD PRIMARY KEY (`title`);

--
-- 資料表索引 `books`
--
ALTER TABLE `books`
  ADD PRIMARY KEY (`ISBN`);

--
-- 資料表索引 `comment`
--
ALTER TABLE `comment`
  ADD PRIMARY KEY (`uNo`,`Time`);

--
-- 資料表索引 `cs`
--
ALTER TABLE `cs`
  ADD PRIMARY KEY (`cMail`,`time`);

--
-- 資料表索引 `orderdetail`
--
ALTER TABLE `orderdetail`
  ADD PRIMARY KEY (`oNo`,`ISBN`,`cost`);

--
-- 資料表索引 `orders`
--
ALTER TABLE `orders`
  ADD PRIMARY KEY (`oNo`);

--
-- 資料表索引 `topbooks`
--
ALTER TABLE `topbooks`
  ADD PRIMARY KEY (`rank`);

--
-- 資料表索引 `user`
--
ALTER TABLE `user`
  ADD PRIMARY KEY (`uNo`),
  ADD UNIQUE KEY `uMail` (`uMail`,`uPwd`);

--
-- 資料表索引 `usersbook`
--
ALTER TABLE `usersbook`
  ADD PRIMARY KEY (`uNo`,`ISBN`,`time`);

--
-- 在傾印的資料表使用自動遞增(AUTO_INCREMENT)
--

--
-- 使用資料表自動遞增(AUTO_INCREMENT) `orders`
--
ALTER TABLE `orders`
  MODIFY `oNo` int(5) NOT NULL AUTO_INCREMENT, AUTO_INCREMENT=59;

--
-- 使用資料表自動遞增(AUTO_INCREMENT) `user`
--
ALTER TABLE `user`
  MODIFY `uNo` int(5) NOT NULL AUTO_INCREMENT, AUTO_INCREMENT=23;
COMMIT;

/*!40101 SET CHARACTER_SET_CLIENT=@OLD_CHARACTER_SET_CLIENT */;
/*!40101 SET CHARACTER_SET_RESULTS=@OLD_CHARACTER_SET_RESULTS */;
/*!40101 SET COLLATION_CONNECTION=@OLD_COLLATION_CONNECTION */;
